nome,email,senha
user 1,user1@email.com,12345
user 2,user2@email.com,12345
user 3,user3@email.com,12345
user 4,user4@email.com,12345
user 5,user5@email.com,12345
user 6,user6@email.com,12345
user 7,user7@email.com,12345
user 8,user8@email.com,12345
user 9,user9@email.com,12345
user 10,user10@email.com,12345
user 11,user11@email.com,12345
user 12,user12@email.com,12345
user 13,user13@email.com,12345
user 14,user14@email.com,12345
user 15,user15@email.com,12345
user 16,user16@email.com,12345
user 17,user17@email.com,12345
user 18,user18@email.com,12345
user 19,user19@email.com,12345
user 20,user20@email.com,12345
user 21,user21@email.com,12345
user 22,user22@email.com,12345
user 23,user23@email.com,12345
user 24,user24@email.com,12345
user 25,user25@email.com,12345
user 26,user26@email.com,12345
user 27,user27@email.com,12345
user 28,user28@email.com,12345
user 29,user29@email.com,12345
user 30,user30@email.com,12345
user 31,user31@email.com,12345
user 32,user32@email.com,12345
user 33,user33@email.com,12345
user 34,user34@email.com,12345
user 35,user35@email.com,12345
user 36,user36@email.com,12345
user 37,user37@email.com,12345
user 38,user38@email.com,12345
user 39,user39@email.com,12345
user 40,user40@email.com,12345
user 41,user41@email.com,12345
user 42,user42@email.com,12345
user 43,user43@email.com,12345
user 44,user44@email.com,12345
user 45,user45@email.com,12345
user 46,user46@email.com,12345
user 47,user47@email.com,12345
user 48,user48@email.com,12345
user 49,user49@email.com,12345
user 50,user50@email.com,12345
user 51,user51@email.com,12345
user 52,user52@email.com,12345
user 53,user53@email.com,12345
user 54,user54@email.com,12345
user 55,user55@email.com,12345
user 56,user56@email.com,12345
user 57,user57@email.com,12345
user 58,user58@email.com,12345
user 59,user59@email.com,12345
user 60,user60@email.com,12345
user 61,user61@email.com,12345
user 62,user62@email.com,12345
user 63,user63@email.com,12345
user 64,user64@email.com,12345
user 65,user65@email.com,12345
user 66,user66@email.com,12345
user 67,user67@email.com,12345
user 68,user68@email.com,12345
user 69,user69@email.com,12345
user 70,user70@email.com,12345
user 71,user71@email.com,12345
user 72,user72@email.com,12345
user 73,user73@email.com,12345
user 74,user74@email.com,12345
user 75,user75@email.com,12345
user 76,user76@email.com,12345
user 77,user77@email.com,12345
user 78,user78@email.com,12345
user 79,user79@email.com,12345
user 80,user80@email.com,12345
user 81,user81@email.com,12345
user 82,user82@email.com,12345
user 83,user83@email.com,12345
user 84,user84@email.com,12345
user 85,user85@email.com,12345
user 86,user86@email.com,12345
user 87,user87@email.com,12345
user 88,user88@email.com,12345
user 89,user89@email.com,12345
user 90,user90@email.com,12345
user 91,user91@email.com,12345
user 92,user92@email.com,12345
user 93,user93@email.com,12345
user 94,user94@email.com,12345
user 95,user95@email.com,12345
user 96,user96@email.com,12345
user 97,user97@email.com,12345
user 98,user98@email.com,12345
user 99,user99@email.com,12345